Strategy,CAGR,MDD,CVaR_5,Sharpe,Information_Ratio
Regime-aware,0.18669824033663107,-0.3946635606697094,-0.03960266184105345,0.8464747769767131,-0.37286839408650835
Equal-weight,0.22653295320531863,-0.545857575797917,-0.040372279934721436,0.9623985506247582,
VNIndex_proxy,0.22653295320531863,-0.545857575797917,-0.040372279934721436,0.9623985506247582,
Random,0.22318014455863655,-0.600542436011212,-0.04221831129873325,0.8926123236871356,0.02692680951771825
