method,VIC,VCB
Softmax,0.5,0.5
ERC,0.36139943801458135,0.6386005619854187
MinVar,0.2749465042504941,0.7250534957495058
