year,regime,CAGR,MDD,CVaR_5,Sharpe
2021,LOW,0.35786688602044747,-0.15279909690811128,-0.040725614730279754,1.3739591722249143
2022,LOW,-0.4420596285409457,-0.5527518424132518,-0.04752671028384404,-1.7760512149842658
2023,HIGH,0.5353900914114276,-0.156242228751033,-0.0333915694057661,1.9438541382537238
2024,HIGH,0.1625646691269651,-0.11082142162072602,-0.02238910371135119,1.0819270594563535
