Variable,ADF_stat,pvalue,Stationary
vol_20,-4.48545733488094,0.00020888632432057976,True
vol_60,-3.643597133751643,0.004980206445481952,True
Z1,-4.469677627706275,0.0002229934618021617,True
