Variable,Observations,Mean,Std Dev,Min,Max,Skewness,Excess Kurtosis
vol_20,709466,0.02472346449802551,0.04569327186902313,0.0,4.476490342368761,46.03830230404522,2694.6422494927792
vol_60,709466,0.02547105310418755,0.033038578206070486,0.0,2.540427510930644,33.561872667267885,1482.1844889662525
vol_change,709466,-0.00021075646708732939,0.20785055713200384,-15.223543742291008,16.253530207942823,3.234871027115876,3526.3257926160886
max_drawdown_60,709466,-0.1101168136985618,0.10607681873658274,-0.9993097969991174,0.0,-1.9367893258011242,6.383378518313965
