,vol_20,vol_60,vol_change,max_drawdown_60
vol_20,1.0,0.8199500036613948,0.02805451036158332,-0.22043557273540532
vol_60,0.8199500036613948,1.0,-0.0007518597509340798,-0.29183483075589334
vol_change,0.02805451036158332,-0.0007518597509340798,1.0,0.0017044950858104476
max_drawdown_60,-0.22043557273540532,-0.29183483075589334,0.0017044950858104476,1.0
