Variable,VIF
vol_20,14.733652814911972
vol_60,15.899420613937203
vol_change,1.0053141792335556
max_drawdown_60,2.6452591713328877
