Variable,VIF
vol_20,3.931066972312199
vol_60,4.740159669840763
vol_change,1.00249304302264
max_drawdown_60,1.5779333406937657
