,vol_20,vol_60,vol_change,max_drawdown_60
vol_20,1.0,0.8152739418657987,0.03449945683063718,-0.3975530258223323
vol_60,0.8152739418657987,1.0,-0.00907673636255468,-0.45606361189960787
vol_change,0.03449945683063718,-0.00907673636255468,1.0,0.0036981134980918072
max_drawdown_60,-0.3975530258223323,-0.45606361189960787,0.0036981134980918072,1.0
