year,annual_return
2020,0.4846829612953327
2021,0.2693345190688443
2022,-0.21665946252175605
2023,0.24770538022607247
2024,0.1040301801598118
2025,0.5362905992056131
2026,0.03601943608362279
