year,annual_return
2020,0.37753126802236237
2021,0.3460374845593932
2022,-0.3457789484494439
2023,0.46747468032790374
2024,0.13739644386814254
2025,0.712797404539492
2026,0.07964387940836226
