year,annual_return
2020,0.36704431200864485
2021,0.5447928416799799
2022,-0.4083651223718505
2023,0.7906547365322996
2024,0.1259761374683983
2025,0.31872676464491967
2026,0.02829776876026613
