year,annual_return
2020,0.17173725915656912
2021,0.1730908738781507
2022,-0.5015110372105689
2023,0.4695371198505829
2024,0.15711626170627713
2025,0.8448399040737413
2026,-0.034719447931554126
