year,annual_return
2020,0.3298529199136435
2021,0.6145167579616984
2022,-0.4334676671636648
2023,0.7018296397217354
2024,0.12433388746821294
2025,0.30732185470466855
2026,0.022888661720201986
