year,annual_return
2020,0.3282719285941136
2021,0.6454418671029876
2022,-0.42392022757198755
2023,0.6835420847402383
2024,0.16748154855798858
2025,0.30161055710884566
2026,0.03610877309596994
