year,annual_return
2020,0.1901432081883785
2021,0.15347402027179724
2022,0.019780068152456476
2023,0.39703789464660555
2024,0.2175412524829594
2025,0.1893349222945444
2026,0.028260222944217483
