year,annual_return
2020,0.5242029016055474
2021,0.23698091481304595
2022,-0.3743447372706231
2023,0.34706899744071484
2024,0.16260502525515186
2025,0.5104853840241819
2026,-0.008637870710452522
