year,annual_return
2020,0.3623928126777549
2021,0.6011996758254523
2022,-0.41098619233504385
2023,0.8308576176716469
2024,0.1601829314505856
2025,0.3379237409268576
2026,0.01668541170209359
