metric,value
CAGR,0.21517906350579485
Annualized Volatility,0.17527126447068897
Sharpe Ratio,1.215637141331454
Max Drawdown,-0.33839554103001035
