metric,value
CAGR,0.2453206509062995
Annualized Volatility,0.27155075689379
Sharpe Ratio,0.9505941248910356
Max Drawdown,-0.5016965856646857
