metric,value
CAGR,0.20949534046824914
Annualized Volatility,0.26348293763920705
Sharpe Ratio,0.8587030713546606
Max Drawdown,-0.5267513834096118
