metric,value
CAGR,0.18374473822615367
Annualized Volatility,0.23520374004109698
Sharpe Ratio,0.8464747769767131
Max Drawdown,-0.3946635606697093
