metric,value
CAGR,0.22380292031955817
Annualized Volatility,0.266341560382399
Sharpe Ratio,0.8965024314888359
Max Drawdown,-0.5239827711957386
