metric,value
CAGR,0.1278276032226786
Annualized Volatility,0.23962816952098615
Sharpe Ratio,0.6332788270250644
Max Drawdown,-0.5187135099438129
