metric,value
CAGR,0.19310871352455772
Annualized Volatility,0.2097666139728295
Sharpe Ratio,0.9637777901488777
Max Drawdown,-0.20985065648323598
