metric,value
CAGR,0.24618938088919373
Annualized Volatility,0.24142201423229614
Sharpe Ratio,1.042283651743195
Max Drawdown,-0.48017851131613987
