metric,value
CAGR,0.22823672262786743
Annualized Volatility,0.2670698922486661
Sharpe Ratio,0.9089131897900337
Max Drawdown,-0.5147884731067546
