metric,value
mean_correlation,0.26058113165391167
min_correlation,-0.0559121411213671
max_correlation,0.5771998422072936
low_corr_ratio,0.6666666666666666
