metric,value
mean_correlation,0.19291536540474338
min_correlation,0.04911533021712919
max_correlation,0.35893358388216606
low_corr_ratio,0.6666666666666666
