metric,value
mean_correlation,0.35542900968374674
min_correlation,0.1602089699077881
max_correlation,0.5771998422072936
low_corr_ratio,0.3333333333333333
