metric,value
mean_correlation,0.2962959065732202
min_correlation,-0.06066481533813462
max_correlation,0.6421905635668959
low_corr_ratio,0.6
