metric,value
mean_correlation,0.2824045566212264
min_correlation,0.15804234719629018
max_correlation,0.5197441110519754
low_corr_ratio,0.8
