metric,value
mean_correlation,0.20318998293682386
min_correlation,-0.0559121411213671
max_correlation,0.35477787292484925
low_corr_ratio,0.6666666666666666
